N,N_over_sample_expression,T,checker_absolute_difference,condition_number,d,error_over_sigma2_dk_over_NT,eta1,eta2,exact_rip_delta,factor,factor_value,final_parameter_error,final_relative_squared_error,first_hit_iteration,independent_final_error,initial_parameter_error,initial_relative_squared_error,k,permuted_task_control,route,sample_expression_without_hidden_constant,seed,sigma,sigma2_dk_over_NT,sigma_1_M_star,sigma_k_M_star,truth_factor_balance_residual
800,34.72222222222221,16,2.168404344971009e-19,1.0000000000000004,128,1.1626834781273991,0.04999999999999999,0.19999999999999996,0.0,d,128,0.0018602935650038391,0.007441174260015356,121,0.001860293565003839,0.24999958504329095,0.9999983401731638,4,False,rate,23.04000000000001,8301,0.2,0.0016000000000000003,1.0000000000000002,0.9999999999999999,6.258195259849297e-16
800,34.7222222222222,16,0.0,1.0000000000000007,128,1.1058716612058348,0.04999999999999998,0.19999999999999993,0.0,d,128,0.001769394657929336,0.007077578631717344,137,0.001769394657929336,0.24999943094856564,0.9999977237942627,4,False,rate,23.040000000000017,8302,0.2,0.0016000000000000003,1.0000000000000004,0.9999999999999998,4.790836759406674e-16
800,34.72222222222221,16,0.0,1.0000000000000009,128,1.0435760723472907,0.04999999999999997,0.19999999999999987,0.0,d,128,0.0016697217157556653,0.0066788868630226605,128,0.0016697217157556653,0.2500024780482366,1.0000099121929467,4,False,rate,23.04000000000001,8303,0.2,0.0016000000000000003,1.0000000000000007,0.9999999999999999,7.811603353527228e-16
800,34.72222222222218,16,2.168404344971009e-19,1.0000000000000007,128,1.093463465032566,0.04999999999999999,0.19999999999999996,0.0,d,128,0.001749541544052106,0.006998166176208424,129,0.0017495415440521057,0.2500005354112056,1.0000021416448224,4,False,rate,23.040000000000028,8304,0.2,0.0016000000000000003,1.0000000000000002,0.9999999999999996,1.381129097955715e-15
800,34.72222222222218,16,2.168404344971009e-19,1.0000000000000004,128,1.1013149654856094,0.05000000000000001,0.20000000000000004,0.0,d,128,0.0017621039447769753,0.007048415779107904,126,0.001762103944776975,0.2500041785654429,1.000016714261772,4,False,rate,23.04000000000003,8305,0.2,0.0016000000000000003,0.9999999999999999,0.9999999999999994,1.2002858464779593e-15
800,34.7222222222222,16,0.0,1.0000000000000004,128,0.9632049148055053,0.04999999999999999,0.19999999999999996,0.0,d,128,0.0015411278636888088,0.006164511454755237,117,0.0015411278636888088,0.2499988948726334,0.9999955794905337,4,False,rate,23.040000000000017,8306,0.2,0.0016000000000000003,1.0000000000000002,0.9999999999999998,9.488613005250526e-16
800,18.382352941176467,16,0.0,1.0000000000000004,256,1.0843558082615192,0.04999999999999998,0.19999999999999993,0.0,d,256,0.003469938586436862,0.013879754345747439,161,0.003469938586436862,0.24999998829155112,0.9999999531662042,4,False,rate,43.52000000000001,8301,0.2,0.0032000000000000006,1.0000000000000004,1.0,1.1549761606830719e-15
800,18.382352941176464,16,4.336808689942018e-19,1.0000000000000004,256,1.0219917687380853,0.04999999999999999,0.19999999999999996,0.0,d,256,0.0032703736599618734,0.013081494639847495,159,0.003270373659961874,0.25000089494413524,1.0000035797765408,4,False,rate,43.52000000000002,8302,0.2,0.0032000000000000006,1.0000000000000002,0.9999999999999999,8.671790376960543e-16
800,18.382352941176464,16,8.673617379884035e-19,1.0000000000000002,256,1.0957149057741637,0.05,0.2,0.0,d,256,0.003506287698477325,0.014025150793909305,146,0.0035062876984773257,0.24999913217153716,0.9999965286861487,4,False,rate,43.52000000000002,8303,0.2,0.0032000000000000006,1.0,0.9999999999999999,9.24931886409846e-16
800,18.382352941176467,16,4.336808689942018e-19,1.0000000000000002,256,1.0929060035304317,0.04999999999999999,0.19999999999999996,0.0,d,256,0.003497299211297382,0.01398919684518952,149,0.0034972992112973825,0.24999906705943956,0.999996268237758,4,False,rate,43.52000000000001,8304,0.2,0.0032000000000000006,1.0000000000000002,1.0,1.359956077188842e-15
800,18.382352941176467,16,4.336808689942018e-19,1.0000000000000004,256,1.0177384817288424,0.04999999999999998,0.19999999999999993,0.0,d,256,0.0032567631415322965,0.013027052566129184,117,0.003256763141532296,0.24999401868833537,0.9999760747533416,4,False,rate,43.52000000000001,8305,0.2,0.0032000000000000006,1.0000000000000004,1.0,8.044038980297255e-16
800,18.382352941176457,16,4.336808689942018e-19,1.0000000000000004,256,0.9984446365358898,0.04999999999999999,0.19999999999999996,0.0,d,256,0.003195022836914848,0.012780091347659398,140,0.0031950228369148474,0.24999947766388625,0.9999979106555457,4,False,rate,43.52000000000003,8306,0.2,0.0032000000000000006,1.0000000000000002,0.9999999999999998,7.099834788047993e-16
800,9.469696969696965,16,1.734723475976807e-18,1.0000000000000007,512,1.1282032607654622,0.04999999999999998,0.19999999999999993,0.0,d,512,0.007220500868898959,0.028882003475595823,134,0.0072205008688989575,0.2499996571090509,0.999998628436203,4,False,rate,84.48000000000003,8301,0.2,0.006400000000000001,1.0000000000000004,0.9999999999999999,1.3148174720347448e-15
800,9.46969696969696,16,0.0,1.0000000000000004,512,0.9993467460695405,0.05,0.2,0.0,d,512,0.006395819174845061,0.02558327669938024,140,0.006395819174845061,0.2500010012211674,1.0000040048846697,4,False,rate,84.48000000000009,8302,0.2,0.006400000000000001,1.0,0.9999999999999996,1.5680990957105855e-15
800,9.469696969696967,16,8.673617379884035e-19,1.0000000000000004,512,1.059418923224153,0.04999999999999998,0.19999999999999993,0.0,d,512,0.0067802811086345805,0.027121124434538325,155,0.00678028110863458,0.2499994052204349,0.9999976208817398,4,False,rate,84.48000000000002,8303,0.2,0.006400000000000001,1.0000000000000004,1.0,4.583957856030948e-16
800,9.469696969696962,16,8.673617379884035e-19,1.0,512,1.0232031519541747,0.05000000000000002,0.20000000000000007,0.0,d,512,0.0065485001725067195,0.026194000690026868,147,0.00654850017250672,0.2500005701218679,1.0000022804874706,4,False,rate,84.48000000000008,8304,0.2,0.006400000000000001,0.9999999999999997,0.9999999999999997,8.504286314716132e-16
800,9.469696969696964,16,1.734723475976807e-18,1.0000000000000004,512,1.0166740934602834,0.04999999999999999,0.19999999999999996,0.0,d,512,0.006506714198145815,0.02602685679258327,147,0.006506714198145813,0.24999838484670678,0.999993539386827,4,False,rate,84.48000000000006,8305,0.2,0.006400000000000001,1.0000000000000002,0.9999999999999998,8.886690925236002e-16
800,9.469696969696964,16,0.0,1.0000000000000007,512,0.9913987145574111,0.04999999999999998,0.19999999999999993,0.0,d,512,0.006344951773167433,0.025379807092669737,178,0.006344951773167433,0.25000004867008535,1.0000001946803414,4,False,rate,84.48000000000006,8306,0.2,0.006400000000000001,1.0000000000000004,0.9999999999999998,8.490949317995727e-16
800,4.807692307692303,16,3.469446951953614e-18,1.0000000000000007,1024,1.0822096585910588,0.04999999999999999,0.19999999999999996,0.0,d,1024,0.013852283629965555,0.05540913451986223,162,0.013852283629965559,0.24999995573752234,0.9999998229500898,4,False,rate,166.40000000000015,8301,0.2,0.012800000000000002,1.0000000000000002,0.9999999999999997,1.1596056682767394e-15
800,4.807692307692303,16,5.204170427930421e-18,1.0000000000000002,1024,0.9909563791610472,0.05000000000000001,0.20000000000000004,0.0,d,1024,0.012684241653261406,0.05073696661304561,254,0.0126842416532614,0.25000034630044715,1.0000013852017884,4,False,rate,166.40000000000015,8302,0.2,0.012800000000000002,0.9999999999999999,0.9999999999999997,7.502981588126363e-16
800,4.807692307692303,16,0.0,1.0000000000000007,1024,0.9937336929754634,0.04999999999999999,0.19999999999999996,0.0,d,1024,0.012719791270085934,0.05087916508034373,150,0.012719791270085934,0.24999977394627965,0.9999990957851189,4,False,rate,166.40000000000015,8303,0.2,0.012800000000000002,1.0000000000000002,0.9999999999999997,3.550447214636997e-16
800,4.807692307692304,16,1.734723475976807e-18,1.0000000000000004,1024,1.016901398214313,0.04999999999999999,0.19999999999999996,0.0,d,1024,0.013016337897143206,0.05206535158857282,146,0.013016337897143208,0.25000080872644165,1.000003234905766,4,False,rate,166.40000000000012,8304,0.2,0.012800000000000002,1.0000000000000002,0.9999999999999998,6.257437146289252e-16
800,4.807692307692307,16,1.734723475976807e-18,1.0000000000000002,1024,1.0074873162827036,0.04999999999999999,0.19999999999999996,0.0,d,1024,0.012895837648418607,0.05158335059367443,143,0.012895837648418606,0.24999989443109127,0.9999995777243651,4,False,rate,166.40000000000003,8305,0.2,0.012800000000000002,1.0000000000000002,1.0,1.5095412058468819e-15
800,4.807692307692303,16,1.734723475976807e-18,1.0,1024,0.9854240952473574,0.05000000000000002,0.20000000000000007,0.0,d,1024,0.012613428419166177,0.05045371367666475,226,0.012613428419166179,0.24999961943635013,0.9999984777454012,4,False,rate,166.40000000000015,8306,0.2,0.012800000000000002,0.9999999999999997,0.9999999999999997,1.3221507884909283e-15
800,18.93939393939393,16,4.336808689942018e-19,1.0000000000000004,512,1.0816540502647487,0.04999999999999999,0.19999999999999996,0.0,k,2,0.0034612929608471964,0.02769034368677756,153,0.003461292960847196,0.12500026936147762,1.0000021548918208,2,False,rate,42.240000000000016,8301,0.2,0.0032000000000000006,1.0000000000000002,0.9999999999999999,4.965124490008802e-16
800,18.939393939393927,16,8.673617379884035e-19,1.0000000000000002,512,0.9781533311232752,0.05,0.2,0.0,k,2,0.0031300906595944813,0.025040725276755847,165,0.0031300906595944805,0.12500019901899012,1.0000015921519207,2,False,rate,42.24000000000003,8302,0.2,0.0032000000000000006,1.0,0.9999999999999998,6.753227850014633e-16
800,18.93939393939393,16,4.336808689942018e-19,1.0000000000000002,512,1.0453660381512724,0.05,0.2,0.0,k,2,0.003345171322084072,0.02676137057667257,140,0.0033451713220840717,0.12499976543574315,0.9999981234859449,2,False,rate,42.240000000000016,8303,0.2,0.0032000000000000006,1.0,0.9999999999999999,2.3737813726218517e-16
800,18.939393939393927,16,2.168404344971009e-18,1.0000000000000002,512,1.0648381088792338,0.05,0.2,0.0,k,2,0.003407481948413549,0.02725985558730839,128,0.003407481948413547,0.12499919123409156,0.9999935298727323,2,False,rate,42.24000000000003,8304,0.2,0.0032000000000000006,1.0,0.9999999999999998,1.1762614971979577e-16
800,18.939393939393927,16,8.673617379884035e-19,1.0000000000000002,512,1.0356319334725546,0.05,0.2,0.0,k,2,0.0033140221871121754,0.026512177496897403,157,0.0033140221871121762,0.12499986733860152,0.9999989387088122,2,False,rate,42.24000000000003,8305,0.2,0.0032000000000000006,1.0,0.9999999999999998,1.7931863506896892e-16
800,18.939393939393945,16,0.0,1.0,512,1.083224219231594,0.04999999999999999,0.19999999999999996,0.0,k,2,0.003466317501541101,0.027730540012328796,142,0.003466317501541101,0.1249998338107862,0.9999986704862892,2,False,rate,42.23999999999999,8306,0.2,0.0032000000000000006,1.0000000000000002,1.0000000000000002,8.019773005902393e-16
800,9.469696969696965,16,1.734723475976807e-18,1.0000000000000007,512,1.1282032607654622,0.04999999999999998,0.19999999999999993,0.0,k,4,0.007220500868898959,0.028882003475595823,134,0.0072205008688989575,0.2499996571090509,0.999998628436203,4,False,rate,84.48000000000003,8301,0.2,0.006400000000000001,1.0000000000000004,0.9999999999999999,1.3148174720347448e-15
800,9.46969696969696,16,0.0,1.0000000000000004,512,0.9993467460695405,0.05,0.2,0.0,k,4,0.006395819174845061,0.02558327669938024,140,0.006395819174845061,0.2500010012211674,1.0000040048846697,4,False,rate,84.48000000000009,8302,0.2,0.006400000000000001,1.0,0.9999999999999996,1.5680990957105855e-15
800,9.469696969696967,16,8.673617379884035e-19,1.0000000000000004,512,1.059418923224153,0.04999999999999998,0.19999999999999993,0.0,k,4,0.0067802811086345805,0.027121124434538325,155,0.00678028110863458,0.2499994052204349,0.9999976208817398,4,False,rate,84.48000000000002,8303,0.2,0.006400000000000001,1.0000000000000004,1.0,4.583957856030948e-16
800,9.469696969696962,16,8.673617379884035e-19,1.0,512,1.0232031519541747,0.05000000000000002,0.20000000000000007,0.0,k,4,0.0065485001725067195,0.026194000690026868,147,0.00654850017250672,0.2500005701218679,1.0000022804874706,4,False,rate,84.48000000000008,8304,0.2,0.006400000000000001,0.9999999999999997,0.9999999999999997,8.504286314716132e-16
800,9.469696969696964,16,1.734723475976807e-18,1.0000000000000004,512,1.0166740934602834,0.04999999999999999,0.19999999999999996,0.0,k,4,0.006506714198145815,0.02602685679258327,147,0.006506714198145813,0.24999838484670678,0.999993539386827,4,False,rate,84.48000000000006,8305,0.2,0.006400000000000001,1.0000000000000002,0.9999999999999998,8.886690925236002e-16
800,9.469696969696964,16,0.0,1.0000000000000007,512,0.9913987145574111,0.04999999999999998,0.19999999999999993,0.0,k,4,0.006344951773167433,0.025379807092669737,178,0.006344951773167433,0.25000004867008535,1.0000001946803414,4,False,rate,84.48000000000006,8306,0.2,0.006400000000000001,1.0000000000000004,0.9999999999999998,8.490949317995727e-16
800,6.313131313131308,16,3.469446951953614e-18,1.0000000000000007,512,1.0159592929754642,0.04999999999999999,0.19999999999999996,0.0,k,6,0.00975320921256446,0.0260085579001719,138,0.009753209212564456,0.3750024989728582,1.000006663927622,6,False,rate,126.72000000000011,8301,0.2,0.009600000000000003,1.0000000000000002,0.9999999999999997,1.3043691720532766e-15
800,6.313131313131306,16,3.469446951953614e-18,1.0000000000000007,512,0.9855024900166455,0.04999999999999999,0.19999999999999996,0.0,k,6,0.0094608239041598,0.025228863744426146,134,0.009460823904159796,0.3749982673353044,0.9999953795608122,6,False,rate,126.72000000000014,8302,0.2,0.009600000000000003,1.0000000000000002,0.9999999999999996,1.396868990121351e-15
800,6.313131313131311,16,3.469446951953614e-18,1.0000000000000002,512,1.0307726021659376,0.04999999999999999,0.19999999999999996,0.0,k,6,0.009895416980793003,0.026387778615448016,141,0.009895416980793006,0.37499989333690603,0.9999997155650827,6,False,rate,126.72000000000003,8303,0.2,0.009600000000000003,1.0000000000000002,1.0,1.7308568100737106e-15
800,6.3131313131313105,16,3.469446951953614e-18,1.0000000000000004,512,1.0004320248273562,0.04999999999999999,0.19999999999999996,0.0,k,6,0.009604147438342621,0.025611059835580315,136,0.009604147438342618,0.37499913779270355,0.9999977007805424,6,False,rate,126.72000000000006,8304,0.2,0.009600000000000003,1.0000000000000002,0.9999999999999999,1.2657619419289976e-15
800,6.313131313131308,16,0.0,1.0000000000000009,512,1.0766250510509412,0.04999999999999998,0.19999999999999993,0.0,k,6,0.01033560049008904,0.0275616013069041,149,0.01033560049008904,0.37499950353157835,0.9999986760842087,6,False,rate,126.72000000000011,8305,0.2,0.009600000000000003,1.0000000000000004,0.9999999999999997,6.557494717400671e-16
800,6.313131313131303,16,1.734723475976807e-18,1.0000000000000009,512,0.9938374127022594,0.04999999999999999,0.19999999999999996,0.0,k,6,0.009540839161941693,0.025442237765177848,143,0.009540839161941695,0.37499972131010184,0.9999992568269384,6,False,rate,126.7200000000002,8306,0.2,0.009600000000000003,1.0000000000000002,0.9999999999999993,1.2353310820224876e-15
800,4.734848484848477,16,0.0,1.0000000000000009,512,1.0346284696143426,0.04999999999999999,0.19999999999999996,0.0,k,8,0.013243244411063589,0.026486488822127185,140,0.013243244411063589,0.4999984339423955,0.9999968678847914,8,False,rate,168.96000000000026,8301,0.2,0.012800000000000002,1.0000000000000002,0.9999999999999993,1.4094213478457243e-15
800,4.734848484848481,16,1.734723475976807e-18,1.0000000000000007,512,1.0273620423203114,0.04999999999999999,0.19999999999999996,0.0,k,8,0.013150234141699987,0.02630046828339998,132,0.013150234141699985,0.4999996160990246,0.9999992321980492,8,False,rate,168.96000000000015,8302,0.2,0.012800000000000002,1.0000000000000002,0.9999999999999997,1.31234971424153e-15
800,4.73484848484848,16,0.0,1.0000000000000007,512,1.0086945740566537,0.04999999999999999,0.19999999999999996,0.0,k,8,0.01291129054792517,0.025822581095850346,136,0.01291129054792517,0.4999977320379058,0.9999954640758121,8,False,rate,168.96000000000018,8303,0.2,0.012800000000000002,1.0000000000000002,0.9999999999999996,1.8891139591591142e-15
800,4.734848484848481,16,1.734723475976807e-18,1.0000000000000004,512,1.0226270352441373,0.05,0.2,0.0,k,8,0.01308962605112496,0.026179252102249934,143,0.013089626051124962,0.500001399007883,1.0000027980157664,8,False,rate,168.96000000000015,8304,0.2,0.012800000000000002,1.0,0.9999999999999997,1.6043232651941547e-15
800,4.734848484848482,16,5.204170427930421e-18,1.0000000000000007,512,1.0355813422958287,0.04999999999999998,0.19999999999999993,0.0,k,8,0.01325544118138661,0.026510882362773214,146,0.013255441181386616,0.49999867729428105,0.999997354588562,8,False,rate,168.96000000000012,8305,0.2,0.012800000000000002,1.0000000000000004,0.9999999999999998,1.8143089764010275e-15
800,4.734848484848482,16,3.469446951953614e-18,1.0000000000000004,512,0.997513658522168,0.04999999999999999,0.19999999999999996,0.0,k,8,0.012768174829083753,0.0255363496581675,143,0.012768174829083757,0.4999989635963882,0.9999979271927762,8,False,rate,168.96000000000012,8306,0.2,0.012800000000000002,1.0000000000000002,0.9999999999999998,1.2551325977276685e-15
800,9.615384615384608,8,3.469446951953614e-18,1.0000000000000007,512,1.0815716203369017,0.04999999999999998,0.19999999999999993,0.0,T,8,0.013844116740312343,0.027688233480624675,144,0.01384411674031234,0.5000001103680741,1.0000002207361487,4,False,rate,83.20000000000006,8301,0.2,0.012800000000000002,1.0000000000000004,0.9999999999999998,1.4244531303348738e-15
800,9.615384615384613,8,5.204170427930421e-18,1.0000000000000002,512,0.985412202410383,0.04999999999999999,0.19999999999999996,0.0,T,8,0.012613276190852904,0.025226552381705816,158,0.012613276190852899,0.5000003959196408,1.000000791839282,4,False,rate,83.20000000000002,8302,0.2,0.012800000000000002,1.0000000000000002,1.0,1.289770966604459e-15
800,9.615384615384613,8,1.734723475976807e-18,1.0000000000000002,512,1.1023423320714825,0.04999999999999999,0.19999999999999996,0.0,T,8,0.014109981850514977,0.028219963701029947,145,0.014109981850514975,0.49999862883605156,0.9999972576721032,4,False,rate,83.20000000000002,8303,0.2,0.012800000000000002,1.0000000000000002,1.0,9.441816461902767e-16
800,9.615384615384613,8,1.734723475976807e-18,1.0000000000000004,512,1.017396782757029,0.04999999999999998,0.19999999999999993,0.0,T,8,0.013022678819289974,0.02604535763857995,141,0.013022678819289972,0.4999988633427889,0.9999977266855783,4,False,rate,83.20000000000002,8304,0.2,0.012800000000000002,1.0000000000000004,1.0,1.0560523669039699e-15
800,9.615384615384611,8,5.204170427930421e-18,1.0000000000000007,512,0.9725474268022932,0.04999999999999998,0.19999999999999993,0.0,T,8,0.012448607063069356,0.02489721412613873,141,0.012448607063069361,0.5000005684616204,1.0000011369232409,4,False,rate,83.20000000000003,8305,0.2,0.012800000000000002,1.0000000000000004,0.9999999999999999,1.2184268533965851e-15
800,9.615384615384608,8,3.469446951953614e-18,1.0000000000000004,512,0.9535162197370108,0.04999999999999999,0.19999999999999996,0.0,T,8,0.012205007612633741,0.024410015225267482,169,0.012205007612633744,0.49999705879615775,0.9999941175923156,4,False,rate,83.20000000000006,8306,0.2,0.012800000000000002,1.0000000000000002,0.9999999999999998,8.675471878967596e-16
800,9.469696969696965,16,1.734723475976807e-18,1.0000000000000007,512,1.1282032607654622,0.04999999999999998,0.19999999999999993,0.0,T,16,0.007220500868898959,0.028882003475595823,134,0.0072205008688989575,0.2499996571090509,0.999998628436203,4,False,rate,84.48000000000003,8301,0.2,0.006400000000000001,1.0000000000000004,0.9999999999999999,1.3148174720347448e-15
800,9.46969696969696,16,0.0,1.0000000000000004,512,0.9993467460695405,0.05,0.2,0.0,T,16,0.006395819174845061,0.02558327669938024,140,0.006395819174845061,0.2500010012211674,1.0000040048846697,4,False,rate,84.48000000000009,8302,0.2,0.006400000000000001,1.0,0.9999999999999996,1.5680990957105855e-15
800,9.469696969696967,16,8.673617379884035e-19,1.0000000000000004,512,1.059418923224153,0.04999999999999998,0.19999999999999993,0.0,T,16,0.0067802811086345805,0.027121124434538325,155,0.00678028110863458,0.2499994052204349,0.9999976208817398,4,False,rate,84.48000000000002,8303,0.2,0.006400000000000001,1.0000000000000004,1.0,4.583957856030948e-16
800,9.469696969696962,16,8.673617379884035e-19,1.0,512,1.0232031519541747,0.05000000000000002,0.20000000000000007,0.0,T,16,0.0065485001725067195,0.026194000690026868,147,0.00654850017250672,0.2500005701218679,1.0000022804874706,4,False,rate,84.48000000000008,8304,0.2,0.006400000000000001,0.9999999999999997,0.9999999999999997,8.504286314716132e-16
800,9.469696969696964,16,1.734723475976807e-18,1.0000000000000004,512,1.0166740934602834,0.04999999999999999,0.19999999999999996,0.0,T,16,0.006506714198145815,0.02602685679258327,147,0.006506714198145813,0.24999838484670678,0.999993539386827,4,False,rate,84.48000000000006,8305,0.2,0.006400000000000001,1.0000000000000002,0.9999999999999998,8.886690925236002e-16
800,9.469696969696964,16,0.0,1.0000000000000007,512,0.9913987145574111,0.04999999999999998,0.19999999999999993,0.0,T,16,0.006344951773167433,0.025379807092669737,178,0.006344951773167433,0.25000004867008535,1.0000001946803414,4,False,rate,84.48000000000006,8306,0.2,0.006400000000000001,1.0000000000000004,0.9999999999999998,8.490949317995727e-16
800,9.191176470588234,32,0.0,1.0000000000000004,512,1.0675762516712073,0.04999999999999998,0.19999999999999993,0.0,T,32,0.0034162440053478642,0.02732995204278291,145,0.0034162440053478642,0.12500004294134084,1.0000003435307268,4,False,rate,87.04000000000002,8301,0.2,0.0032000000000000006,1.0000000000000004,1.0,1.2535519067623848e-15
800,9.191176470588225,32,8.673617379884035e-19,1.0000000000000004,512,1.0541729660485608,0.05,0.2,0.0,T,32,0.0033733534913553955,0.026986827930843175,201,0.0033733534913553964,0.12499979622473653,0.9999983697978925,4,False,rate,87.04000000000009,8302,0.2,0.0032000000000000006,1.0,0.9999999999999996,1.5196620065764036e-15
800,9.191176470588228,32,0.0,1.0000000000000004,512,1.071047615879195,0.04999999999999999,0.19999999999999996,0.0,T,32,0.0034273523708134245,0.027418818966507396,144,0.0034273523708134245,0.12499970665899468,0.9999976532719571,4,False,rate,87.04000000000006,8303,0.2,0.0032000000000000006,1.0000000000000002,0.9999999999999998,8.429010697173858e-16
800,9.191176470588227,32,8.673617379884035e-19,1.0000000000000009,512,0.9903086356134864,0.04999999999999998,0.19999999999999993,0.0,T,32,0.003168987633963157,0.02535190107170526,142,0.003168987633963158,0.12499953927980137,0.9999963142384114,4,False,rate,87.04000000000008,8304,0.2,0.0032000000000000006,1.0000000000000004,0.9999999999999997,8.170230940911263e-16
800,9.191176470588227,32,8.673617379884035e-19,1.0000000000000009,512,1.0184904747159373,0.04999999999999998,0.19999999999999993,0.0,T,32,0.0032591695190910003,0.026073356152728006,168,0.003259169519091001,0.12500000414673917,1.0000000331739138,4,False,rate,87.04000000000008,8305,0.2,0.0032000000000000006,1.0000000000000004,0.9999999999999997,8.160121489981391e-16
800,9.191176470588227,32,4.336808689942018e-19,1.0000000000000004,512,1.0466408355105448,0.05,0.2,0.0,T,32,0.0033492506736337436,0.026794005389069956,153,0.003349250673633744,0.12500056625554998,1.0000045300443998,4,False,rate,87.04000000000008,8306,0.2,0.0032000000000000006,1.0,0.9999999999999997,9.940318300312657e-16
800,8.680555555555548,64,0.0,1.0000000000000007,512,1.1508972484808546,0.04999999999999999,0.19999999999999996,0.0,T,64,0.0018414355975693677,0.029462969561109886,158,0.0018414355975693677,0.06249985907211311,0.9999977451538099,4,False,rate,92.16000000000008,8301,0.2,0.0016000000000000003,1.0000000000000002,0.9999999999999997,1.341340267056034e-15
800,8.680555555555552,64,2.168404344971009e-19,1.0000000000000004,512,1.1718893861982451,0.04999999999999999,0.19999999999999996,0.0,T,64,0.0018750230179171924,0.030000368286675086,140,0.0018750230179171927,0.062499736898749214,0.9999957903799876,4,False,rate,92.16000000000004,8302,0.2,0.0016000000000000003,1.0000000000000002,0.9999999999999999,1.187079546566184e-15
800,8.680555555555554,64,4.336808689942018e-19,1.0000000000000004,512,1.0941089995632736,0.04999999999999998,0.19999999999999993,0.0,T,64,0.0017505743993012379,0.028009190388819796,154,0.0017505743993012374,0.06250017264454304,1.0000027623126881,4,False,rate,92.16000000000003,8303,0.2,0.0016000000000000003,1.0000000000000004,1.0,9.872103188768507e-16
800,8.680555555555554,64,0.0,1.0000000000000007,512,1.0821480587541992,0.04999999999999997,0.19999999999999987,0.0,T,64,0.001731436894006719,0.027702990304107507,218,0.001731436894006719,0.06250012326746347,1.0000019722794153,4,False,rate,92.16000000000003,8304,0.2,0.0016000000000000003,1.0000000000000007,1.0,1.2293737627350003e-15
800,8.680555555555548,64,2.168404344971009e-19,1.0000000000000004,512,1.1033658471221766,0.05,0.2,0.0,T,64,0.0017653853553954827,0.028246165686327734,163,0.001765385355395483,0.06250014748452923,1.0000023597524677,4,False,rate,92.16000000000008,8305,0.2,0.0016000000000000003,1.0,0.9999999999999997,7.960987006752242e-16
800,8.68055555555555,64,4.336808689942018e-19,1.0000000000000002,512,1.1272196700525425,0.05,0.2,0.0,T,64,0.0018035514720840685,0.028856823553345092,140,0.001803551472084069,0.06250027727019924,1.0000044363231881,4,False,rate,92.16000000000007,8306,0.2,0.0016000000000000003,1.0,0.9999999999999998,8.992151797732647e-16
200,2.3674242424242413,16,3.469446951953614e-18,1.0000000000000007,512,1.1283529980809108,0.04999999999999998,0.19999999999999993,0.0,N,200,0.028885836750871325,0.11554334700348526,133,0.02888583675087132,0.2499996571090509,0.999998628436203,4,False,rate,84.48000000000003,8301,0.2,0.025600000000000005,1.0000000000000004,0.9999999999999999,1.3148174720347448e-15
200,2.36742424242424,16,6.938893903907228e-18,1.0000000000000004,512,1.0076578911596925,0.05,0.2,0.0,N,200,0.025796042013688132,0.10318416805475253,144,0.02579604201368814,0.2500010012211674,1.0000040048846697,4,False,rate,84.48000000000009,8302,0.2,0.025600000000000005,1.0,0.9999999999999996,1.5680990957105855e-15
200,2.3674242424242418,16,0.0,1.0000000000000004,512,1.0629003984123855,0.04999999999999998,0.19999999999999993,0.0,N,200,0.02721025019935707,0.10884100079742831,181,0.02721025019935707,0.2499994052204349,0.9999976208817398,4,False,rate,84.48000000000002,8303,0.2,0.025600000000000005,1.0000000000000004,1.0,4.583957856030948e-16
200,2.3674242424242404,16,0.0,1.0,512,1.0266377717083053,0.05000000000000002,0.20000000000000007,0.0,N,200,0.026281926955732622,0.10512770782293046,149,0.026281926955732622,0.2500005701218679,1.0000022804874706,4,False,rate,84.48000000000008,8304,0.2,0.025600000000000005,0.9999999999999997,0.9999999999999997,8.504286314716132e-16
200,2.367424242424241,16,3.469446951953614e-18,1.0000000000000004,512,1.0240564906518497,0.04999999999999999,0.19999999999999996,0.0,N,200,0.026215846160687357,0.10486338464274947,154,0.026215846160687353,0.24999838484670678,0.999993539386827,4,False,rate,84.48000000000006,8305,0.2,0.025600000000000005,1.0000000000000002,0.9999999999999998,8.886690925236002e-16
200,2.367424242424241,16,3.469446951953614e-18,1.0000000000000007,512,1.0008803117978886,0.04999999999999998,0.19999999999999993,0.0,N,200,0.025622535982025952,0.10249014392810381,155,0.02562253598202595,0.25000004867008535,1.0000001946803414,4,False,rate,84.48000000000006,8306,0.2,0.025600000000000005,1.0000000000000004,0.9999999999999998,8.490949317995727e-16
400,4.734848484848483,16,3.469446951953614e-18,1.0000000000000007,512,1.1279018668494494,0.04999999999999998,0.19999999999999993,0.0,N,400,0.014437143895672954,0.057748575582691794,133,0.014437143895672957,0.2499996571090509,0.999998628436203,4,False,rate,84.48000000000003,8301,0.2,0.012800000000000002,1.0000000000000004,0.9999999999999999,1.3148174720347448e-15
400,4.73484848484848,16,0.0,1.0000000000000004,512,1.002286920177408,0.05,0.2,0.0,N,400,0.012829272578270826,0.051317090313083305,140,0.012829272578270826,0.2500010012211674,1.0000040048846697,4,False,rate,84.48000000000009,8302,0.2,0.012800000000000002,1.0,0.9999999999999996,1.5680990957105855e-15
400,4.7348484848484835,16,3.469446951953614e-18,1.0000000000000004,512,1.0605534912421215,0.04999999999999998,0.19999999999999993,0.0,N,400,0.013575084687899157,0.05430033875159664,163,0.01357508468789916,0.2499994052204349,0.9999976208817398,4,False,rate,84.48000000000002,8303,0.2,0.012800000000000002,1.0000000000000004,1.0,4.583957856030948e-16
400,4.734848484848481,16,3.469446951953614e-18,1.0,512,1.024254176256815,0.05000000000000002,0.20000000000000007,0.0,N,400,0.013110453456087233,0.05244181382434892,147,0.01311045345608723,0.2500005701218679,1.0000022804874706,4,False,rate,84.48000000000008,8304,0.2,0.012800000000000002,0.9999999999999997,0.9999999999999997,8.504286314716132e-16
400,4.734848484848482,16,0.0,1.0000000000000004,512,1.019277465906314,0.04999999999999999,0.19999999999999996,0.0,N,400,0.013046751563600821,0.052187006254403305,150,0.013046751563600821,0.24999838484670678,0.999993539386827,4,False,rate,84.48000000000006,8305,0.2,0.012800000000000002,1.0000000000000002,0.9999999999999998,8.886690925236002e-16
400,4.734848484848482,16,1.734723475976807e-18,1.0000000000000007,512,0.9946712136536761,0.04999999999999998,0.19999999999999993,0.0,N,400,0.012731791534767056,0.05092716613906822,163,0.012731791534767055,0.25000004867008535,1.0000001946803414,4,False,rate,84.48000000000006,8306,0.2,0.012800000000000002,1.0000000000000004,0.9999999999999998,8.490949317995727e-16
800,9.469696969696965,16,1.734723475976807e-18,1.0000000000000007,512,1.1282032607654622,0.04999999999999998,0.19999999999999993,0.0,N,800,0.007220500868898959,0.028882003475595823,134,0.0072205008688989575,0.2499996571090509,0.999998628436203,4,False,rate,84.48000000000003,8301,0.2,0.006400000000000001,1.0000000000000004,0.9999999999999999,1.3148174720347448e-15
800,9.46969696969696,16,0.0,1.0000000000000004,512,0.9993467460695405,0.05,0.2,0.0,N,800,0.006395819174845061,0.02558327669938024,140,0.006395819174845061,0.2500010012211674,1.0000040048846697,4,False,rate,84.48000000000009,8302,0.2,0.006400000000000001,1.0,0.9999999999999996,1.5680990957105855e-15
800,9.469696969696967,16,8.673617379884035e-19,1.0000000000000004,512,1.059418923224153,0.04999999999999998,0.19999999999999993,0.0,N,800,0.0067802811086345805,0.027121124434538325,155,0.00678028110863458,0.2499994052204349,0.9999976208817398,4,False,rate,84.48000000000002,8303,0.2,0.006400000000000001,1.0000000000000004,1.0,4.583957856030948e-16
800,9.469696969696962,16,8.673617379884035e-19,1.0,512,1.0232031519541747,0.05000000000000002,0.20000000000000007,0.0,N,800,0.0065485001725067195,0.026194000690026868,147,0.00654850017250672,0.2500005701218679,1.0000022804874706,4,False,rate,84.48000000000008,8304,0.2,0.006400000000000001,0.9999999999999997,0.9999999999999997,8.504286314716132e-16
800,9.469696969696964,16,1.734723475976807e-18,1.0000000000000004,512,1.0166740934602834,0.04999999999999999,0.19999999999999996,0.0,N,800,0.006506714198145815,0.02602685679258327,147,0.006506714198145813,0.24999838484670678,0.999993539386827,4,False,rate,84.48000000000006,8305,0.2,0.006400000000000001,1.0000000000000002,0.9999999999999998,8.886690925236002e-16
800,9.469696969696964,16,0.0,1.0000000000000007,512,0.9913987145574111,0.04999999999999998,0.19999999999999993,0.0,N,800,0.006344951773167433,0.025379807092669737,178,0.006344951773167433,0.25000004867008535,1.0000001946803414,4,False,rate,84.48000000000006,8306,0.2,0.006400000000000001,1.0000000000000004,0.9999999999999998,8.490949317995727e-16
1600,18.93939393939393,16,4.336808689942018e-19,1.0000000000000007,512,1.1287415774865284,0.04999999999999998,0.19999999999999993,0.0,N,1600,0.003611973047956891,0.014447892191827556,135,0.0036119730479568916,0.2499996571090509,0.999998628436203,4,False,rate,84.48000000000003,8301,0.2,0.0032000000000000006,1.0000000000000004,0.9999999999999999,1.3148174720347448e-15
1600,18.93939393939392,16,4.336808689942018e-19,1.0000000000000004,512,0.9977088906148871,0.05,0.2,0.0,N,1600,0.003192668449967639,0.012770673799870555,139,0.0031926684499676387,0.2500010012211674,1.0000040048846697,4,False,rate,84.48000000000009,8302,0.2,0.0032000000000000006,1.0,0.9999999999999996,1.5680990957105855e-15
1600,18.939393939393934,16,4.336808689942018e-19,1.0000000000000004,512,1.058883420387113,0.04999999999999998,0.19999999999999993,0.0,N,1600,0.003388426945238762,0.01355370778095505,152,0.0033884269452387626,0.2499994052204349,0.9999976208817398,4,False,rate,84.48000000000002,8303,0.2,0.0032000000000000006,1.0000000000000004,1.0,4.583957856030948e-16
1600,18.939393939393923,16,4.336808689942018e-19,1.0,512,1.0227794818799345,0.05000000000000002,0.20000000000000007,0.0,N,1600,0.003272894342015791,0.013091577368063156,146,0.0032728943420157904,0.2500005701218679,1.0000022804874706,4,False,rate,84.48000000000008,8304,0.2,0.0032000000000000006,0.9999999999999997,0.9999999999999997,8.504286314716132e-16
1600,18.939393939393927,16,0.0,1.0000000000000004,512,1.0152222130802386,0.04999999999999999,0.19999999999999996,0.0,N,1600,0.003248711081856764,0.01299484432742706,146,0.003248711081856764,0.24999838484670678,0.999993539386827,4,False,rate,84.48000000000006,8305,0.2,0.0032000000000000006,1.0000000000000002,0.9999999999999998,8.886690925236002e-16
1600,18.939393939393927,16,4.336808689942018e-19,1.0000000000000007,512,0.9896448114968075,0.04999999999999998,0.19999999999999993,0.0,N,1600,0.0031668633967897844,0.012667453587159141,217,0.003166863396789784,0.25000004867008535,1.0000001946803414,4,False,rate,84.48000000000006,8306,0.2,0.0032000000000000006,1.0000000000000004,0.9999999999999998,8.490949317995727e-16
